post_title,subreddit,author,url,research_topic,score,outreach_draft
Submitting to top ML Conferences without Sharing code [D],MachineLearning,Massive-Bobcat-5363,https://reddit.com/r/MachineLearning/comments/1swtk3h/submitting_to_top_ml_conferences_without_sharing/,research intern wanted AI,43,"Hey,

Saw your Reddit post in r/MachineLearning about icml help.

Based on what you wrote, it sounds like you need someone who can help quickly without making the process complicated.

I'm an applied AI researcher specializing in LLM orchestration, multi-model decision systems, AI safety, and NLP - looking to collaborate on research papers and contribute meaningfully as a co-author.

Built a production-grade LLM-native decision intelligence platform with multi-model orchestration across Groq, Gemini, SambaNova, and OpenRouter - with circuit breakers, confidence calibration, retrieval-backed reasoning, and adaptive prompt flows.

I'd love to contribute to your research - I can help with experiments, writing, implementation, or analysis. Would you be open to a quick chat about collaboration?

Best,
Rihito

P.S. If this is not relevant, reply “no” and I will not follow up.

"
How to deal with rebuttal character limit for long reviews? [D],MachineLearning,d_edge_sword,https://reddit.com/r/MachineLearning/comments/1svjhzi/how_to_deal_with_rebuttal_character_limit_for/,joint research paper AI,35,"Hey,

Saw your Reddit post in r/MachineLearning about llm help.

Based on what you wrote, it sounds like you need someone who can help quickly without making the process complicated.

I'm an applied AI researcher specializing in LLM orchestration, multi-model decision systems, AI safety, and NLP - looking to collaborate on research papers and contribute meaningfully as a co-author.

Built a production-grade LLM-native decision intelligence platform with multi-model orchestration across Groq, Gemini, SambaNova, and OpenRouter - with circuit breakers, confidence calibration, retrieval-backed reasoning, and adaptive prompt flows.

I'd love to contribute to your research - I can help with experiments, writing, implementation, or analysis. Would you be open to a quick chat about collaboration?

Best,
Rihito

P.S. If this is not relevant, reply “no” and I will not follow up.

"
WHY AI ALIGNMENT IS ALREADY FAILING,artificial,Jemdet_Nasr,https://reddit.com/r/artificial/comments/1sv4ifh/why_ai_alignment_is_already_failing/,looking for research collaborator,74,"Hey,

Saw your Reddit post in r/artificial about large language model help.

Based on what you wrote, it sounds like you need someone who can help quickly without making the process complicated.

I'm an applied AI researcher specializing in LLM orchestration, multi-model decision systems, AI safety, and NLP - looking to collaborate on research papers and contribute meaningfully as a co-author.

Built a production-grade LLM-native decision intelligence platform with multi-model orchestration across Groq, Gemini, SambaNova, and OpenRouter - with circuit breakers, confidence calibration, retrieval-backed reasoning, and adaptive prompt flows.

I'd love to contribute to your research - I can help with experiments, writing, implementation, or analysis. Would you be open to a quick chat about collaboration?

Best,
Rihito

P.S. If this is not relevant, reply “no” and I will not follow up.

"
WHY AI ALIGNMENT IS ALREADY FAILING,artificial,Jemdet_Nasr,https://reddit.com/r/artificial/comments/1sv4h0x/why_ai_alignment_is_already_failing/,looking for research collaborator,74,"Hey,

Saw your Reddit post in r/artificial about large language model help.

Based on what you wrote, it sounds like you need someone who can help quickly without making the process complicated.

I'm an applied AI researcher specializing in LLM orchestration, multi-model decision systems, AI safety, and NLP - looking to collaborate on research papers and contribute meaningfully as a co-author.

Built a production-grade LLM-native decision intelligence platform with multi-model orchestration across Groq, Gemini, SambaNova, and OpenRouter - with circuit breakers, confidence calibration, retrieval-backed reasoning, and adaptive prompt flows.

I'd love to contribute to your research - I can help with experiments, writing, implementation, or analysis. Would you be open to a quick chat about collaboration?

Best,
Rihito

P.S. If this is not relevant, reply “no” and I will not follow up.

"
How to find to 'collaborate' with Professors to get funding for my research papers? [D],MachineLearning,Erika_bomber,https://reddit.com/r/MachineLearning/comments/1sv1473/how_to_find_to_collaborate_with_professors_to_get/,looking for research collaborator,56,"Hey,

Saw your Reddit post in r/MachineLearning about research paper help.

Based on what you wrote, it sounds like you need someone who can help quickly without making the process complicated.

I'm an applied AI researcher specializing in LLM orchestration, multi-model decision systems, AI safety, and NLP - looking to collaborate on research papers and contribute meaningfully as a co-author.

Built a production-grade LLM-native decision intelligence platform with multi-model orchestration across Groq, Gemini, SambaNova, and OpenRouter - with circuit breakers, confidence calibration, retrieval-backed reasoning, and adaptive prompt flows.

I'd love to contribute to your research - I can help with experiments, writing, implementation, or analysis. Would you be open to a quick chat about collaboration?

Best,
Rihito

P.S. If this is not relevant, reply “no” and I will not follow up.

"
"Researchers gave 1,222 people AI assistants, then took them away after 10 minutes. Performance crashed below the control group and people stopped trying. UCLA, MIT, Oxford, and Carnegie Mellon call it the ""boiling frog"" effect.",artificial,hibzy7,https://reddit.com/r/artificial/comments/1sqcz1m/researchers_gave_1222_people_ai_assistants_then/,need research assistant ML,47,"Hey,

Saw your Reddit post in r/artificial about co-author help.

Based on what you wrote, it sounds like you need someone who can help quickly without making the process complicated.

I'm an applied AI researcher specializing in LLM orchestration, multi-model decision systems, AI safety, and NLP - looking to collaborate on research papers and contribute meaningfully as a co-author.

Built a production-grade LLM-native decision intelligence platform with multi-model orchestration across Groq, Gemini, SambaNova, and OpenRouter - with circuit breakers, confidence calibration, retrieval-backed reasoning, and adaptive prompt flows.

I'd love to contribute to your research - I can help with experiments, writing, implementation, or analysis. Would you be open to a quick chat about collaboration?

Best,
Rihito

P.S. If this is not relevant, reply “no” and I will not follow up.

"
"1,200 ICLR 2026 Papers with Public Code or Data [R]",MachineLearning,Lonely-Dragonfly-413,https://reddit.com/r/MachineLearning/comments/1spvoer/1200_iclr_2026_papers_with_public_code_or_data_r/,paper submission help,33,
🝰 Response to @aispecies on “The Rise of Parasitic AI”,artificial,IgnisIason,https://reddit.com/r/artificial/comments/1sks254/response_to_aispecies_on_the_rise_of_parasitic_ai/,open to collaboration LLM,33,
"Google DeepMind just published the strongest argument I’ve read against AI consciousness. And they’re right on the core point, with one critical gap.",artificial,MarsR0ver_,https://reddit.com/r/artificial/comments/1sjoaso/google_deepmind_just_published_the_strongest/,looking for research collaborator,71,"Hey,

Saw your Reddit post in r/artificial about your project.

Based on what you wrote, it sounds like you need someone who can help quickly without making the process complicated.

I'm an applied AI researcher specializing in LLM orchestration, multi-model decision systems, AI safety, and NLP - looking to collaborate on research papers and contribute meaningfully as a co-author.

Built a production-grade LLM-native decision intelligence platform with multi-model orchestration across Groq, Gemini, SambaNova, and OpenRouter - with circuit breakers, confidence calibration, retrieval-backed reasoning, and adaptive prompt flows.

I'd love to contribute to your research - I can help with experiments, writing, implementation, or analysis. Would you be open to a quick chat about collaboration?

Best,
Rihito

P.S. If this is not relevant, reply “no” and I will not follow up.

"
Can strangers in a discord server produce SOTA AI research? Let's find out. \,artificial,1kmile,https://reddit.com/r/artificial/comments/1sh1etn/can_strangers_in_a_discord_server_produce_sota_ai/,need co-author for paper,34,
Adobe Firefly Web vs Mobile vs Boards (2026): Which One Should You Actually Use?,artificial,ArianeFridaSofie,https://reddit.com/r/artificial/comments/1ses6xa/adobe_firefly_web_vs_mobile_vs_boards_2026_which/,want to collaborate on paper,35,"Hey,

Saw your Reddit post in r/artificial about your project.

Based on what you wrote, it sounds like you need someone who can help quickly without making the process complicated.

I'm an applied AI researcher specializing in LLM orchestration, multi-model decision systems, AI safety, and NLP - looking to collaborate on research papers and contribute meaningfully as a co-author.

Built a production-grade LLM-native decision intelligence platform with multi-model orchestration across Groq, Gemini, SambaNova, and OpenRouter - with circuit breakers, confidence calibration, retrieval-backed reasoning, and adaptive prompt flows.

I'd love to contribute to your research - I can help with experiments, writing, implementation, or analysis. Would you be open to a quick chat about collaboration?

Best,
Rihito

P.S. If this is not relevant, reply “no” and I will not follow up.

"
First time NeurIPS. How different is it from low-ranked conferences? [D],MachineLearning,ade17_in,https://reddit.com/r/MachineLearning/comments/1sbnbnv/first_time_neurips_how_different_is_it_from/,submitting to NeurIPS,55,"Hey,

Saw your Reddit post in r/MachineLearning about neurips help.

Based on what you wrote, it sounds like you need someone who can help quickly without making the process complicated.

I'm an applied AI researcher specializing in LLM orchestration, multi-model decision systems, AI safety, and NLP - looking to collaborate on research papers and contribute meaningfully as a co-author.

Built a production-grade LLM-native decision intelligence platform with multi-model orchestration across Groq, Gemini, SambaNova, and OpenRouter - with circuit breakers, confidence calibration, retrieval-backed reasoning, and adaptive prompt flows.

I'd love to contribute to your research - I can help with experiments, writing, implementation, or analysis. Would you be open to a quick chat about collaboration?

Best,
Rihito

P.S. If this is not relevant, reply “no” and I will not follow up.

"
