subreddit,url,today_leads,total_leads
n8n,https://www.reddit.com/r/n8n/,56,56
automation,https://www.reddit.com/r/automation/,55,55
ChatGPT,https://www.reddit.com/r/ChatGPT/,14,14
artificial,https://www.reddit.com/r/artificial/,10,10
OpenAI,https://www.reddit.com/r/OpenAI/,13,13
AIToolsTech,https://www.reddit.com/r/AIToolsTech/,22,22
Zapier,https://www.reddit.com/r/Zapier/,0,0
ollama,https://www.reddit.com/r/ollama/,16,16
nocode,https://www.reddit.com/r/nocode/,16,16
lowcode,https://www.reddit.com/r/lowcode/,14,14
MachineLearning,https://www.reddit.com/r/MachineLearning/,8,8
LocalLLaMA,https://www.reddit.com/r/LocalLLaMA/,22,22
smallbusiness,https://www.reddit.com/r/smallbusiness/,21,26
smallbusinessUS,https://www.reddit.com/r/smallbusinessUS/,16,17
Entrepreneur,https://www.reddit.com/r/Entrepreneur/,14,14
EntrepreneurRideAlong,https://www.reddit.com/r/EntrepreneurRideAlong/,12,12
growmybusiness,https://www.reddit.com/r/growmybusiness/,22,22
startups,https://www.reddit.com/r/startups/,14,14
SaaS,https://www.reddit.com/r/SaaS/,27,27
microsaas,https://www.reddit.com/r/microsaas/,21,21
indiehackers,https://www.reddit.com/r/indiehackers/,23,23
side_project,https://www.reddit.com/r/side_project/,0,0
agency,https://www.reddit.com/r/agency/,15,15
localbusiness,https://www.reddit.com/r/localbusiness/,0,0
digitalnomad,https://www.reddit.com/r/digitalnomad/,12,12
forhire,https://www.reddit.com/r/forhire/,35,35
Designers_forhire,https://www.reddit.com/r/Designers_forhire/,23,23
freelance_forhire,https://www.reddit.com/r/freelance_forhire/,32,32
DesignJobs,https://www.reddit.com/r/DesignJobs/,33,33
webdesign,https://www.reddit.com/r/webdesign/,23,25
web_design,https://www.reddit.com/r/web_design/,19,19
ecommerce,https://www.reddit.com/r/ecommerce/,22,22
shopify,https://www.reddit.com/r/shopify/,22,23
Wordpress,https://www.reddit.com/r/Wordpress/,22,22
PPC,https://www.reddit.com/r/PPC/,26,26
GoogleAds,https://www.reddit.com/r/GoogleAds/,0,0
FacebookAds,https://www.reddit.com/r/FacebookAds/,20,20
marketing,https://www.reddit.com/r/marketing/,12,12
SEO,https://www.reddit.com/r/SEO/,16,16
digital_marketing,https://www.reddit.com/r/digital_marketing/,18,18
socialmedia,https://www.reddit.com/r/socialmedia/,9,9
humanresources,https://www.reddit.com/r/humanresources/,10,10
operations,https://www.reddit.com/r/operations/,0,0
productivity,https://www.reddit.com/r/productivity/,7,7
